Product,Reactant2,Ligand,Additive,Base,Yield
4-methyl-N-[4-(trifluoromethyl)phenyl]aniline,1-bromo-4-(trifluoromethyl)benzene,"dicyclohexyl-[2-[2,4,6-tri(propan-2-yl)phenyl]phenyl]phosphane","3-phenyl-1,2-oxazole","2-tert-butyl-1,1,3,3-tetramethylguanidine",35.72058232
4-methyl-N-[4-(trifluoromethyl)phenyl]aniline,1-bromo-4-(trifluoromethyl)benzene,"dicyclohexyl-[2-[2,4,6-tri(propan-2-yl)phenyl]phenyl]phosphane","methyl 1,2-oxazole-5-carboxylate","2-tert-butyl-1,1,3,3-tetramethylguanidine",17.58389829
4-methyl-N-[4-(trifluoromethyl)phenyl]aniline,1-chloro-4-(trifluoromethyl)benzene,"bis(1-adamantyl)-[3,6-dimethoxy-2-[2,4,6-tri(propan-2-yl)phenyl]phenyl]phosphane","3,5-dimethyl-1,2-oxazole",N-[dimethylamino-ethylimino-[[tris(dimethylamino)-lambda5-phosphanylidene]amino]-lambda5-phosphanyl]-N-methylmethanamine,1.831351486
4-methyl-N-[4-(trifluoromethyl)phenyl]aniline,1-chloro-4-(trifluoromethyl)benzene,"ditert-butyl-[2-[2,4,6-tri(propan-2-yl)phenyl]phenyl]phosphane","3-methyl-1,2-oxazole","2-tert-butyl-1,1,3,3-tetramethylguanidine",34.30918762
4-methyl-N-[4-(trifluoromethyl)phenyl]aniline,1-chloro-4-(trifluoromethyl)benzene,"bis(1-adamantyl)-[3,6-dimethoxy-2-[2,4,6-tri(propan-2-yl)phenyl]phenyl]phosphane","5-phenyl-1,2-oxazole","1-methyl-2,3,4,6,7,8-hexahydropyrimido[1,2-a]pyrimidine",10.00188169
4-methyl-N-[4-(trifluoromethyl)phenyl]aniline,1-iodo-4-(trifluoromethyl)benzene,"bis(1-adamantyl)-[3,6-dimethoxy-2-[2,4,6-tri(propan-2-yl)phenyl]phenyl]phosphane","ethyl 3-methoxy-1,2-oxazole-5-carboxylate","1-methyl-2,3,4,6,7,8-hexahydropyrimido[1,2-a]pyrimidine",45.77926691
4-methyl-N-[4-(trifluoromethyl)phenyl]aniline,1-iodo-4-(trifluoromethyl)benzene,"bis(1-adamantyl)-[3,6-dimethoxy-2-[2,4,6-tri(propan-2-yl)phenyl]phenyl]phosphane","1,2-benzoxazole","1-methyl-2,3,4,6,7,8-hexahydropyrimido[1,2-a]pyrimidine",47.13760632
N-(4-methylphenyl)pyridin-2-amine,2-bromopyridine,"bis(1-adamantyl)-[3,6-dimethoxy-2-[2,4,6-tri(propan-2-yl)phenyl]phenyl]phosphane","1,2-benzoxazole","2-tert-butyl-1,1,3,3-tetramethylguanidine",19.53099508
N-(4-methylphenyl)pyridin-2-amine,2-bromopyridine,"ditert-butyl-[2-[2,4,6-tri(propan-2-yl)phenyl]phenyl]phosphane","ethyl 5-methyl-1,2-oxazole-4-carboxylate","1-methyl-2,3,4,6,7,8-hexahydropyrimido[1,2-a]pyrimidine",61.11611165
N-(4-methylphenyl)pyridin-2-amine,2-chloropyridine,"ditert-butyl-[3,6-dimethoxy-2-[2,4,6-tri(propan-2-yl)phenyl]phenyl]phosphane","ethyl 1,2-oxazole-3-carboxylate",N-[dimethylamino-ethylimino-[[tris(dimethylamino)-lambda5-phosphanylidene]amino]-lambda5-phosphanyl]-N-methylmethanamine,1.660025621
N-(4-methylphenyl)pyridin-2-amine,2-chloropyridine,"bis(1-adamantyl)-[3,6-dimethoxy-2-[2,4,6-tri(propan-2-yl)phenyl]phenyl]phosphane","ethyl 1,2-oxazole-4-carboxylate","1-methyl-2,3,4,6,7,8-hexahydropyrimido[1,2-a]pyrimidine",34.48220577
N-(4-methylphenyl)pyridin-2-amine,2-chloropyridine,"dicyclohexyl-[2-[2,4,6-tri(propan-2-yl)phenyl]phenyl]phosphane",c1ccc(CN(Cc2ccccc2)c2ccon2)cc1,"2-tert-butyl-1,1,3,3-tetramethylguanidine",26.0695387
N-(4-methylphenyl)pyridin-2-amine,2-iodopyridine,"bis(1-adamantyl)-[3,6-dimethoxy-2-[2,4,6-tri(propan-2-yl)phenyl]phenyl]phosphane","ethyl 1,2-oxazole-4-carboxylate",N-[dimethylamino-ethylimino-[[tris(dimethylamino)-lambda5-phosphanylidene]amino]-lambda5-phosphanyl]-N-methylmethanamine,6.151237345
N-(4-methylphenyl)pyridin-2-amine,2-iodopyridine,"ditert-butyl-[3,6-dimethoxy-2-[2,4,6-tri(propan-2-yl)phenyl]phenyl]phosphane","5-methyl-3-pyrrol-1-yl-1,2-oxazole",N-[dimethylamino-ethylimino-[[tris(dimethylamino)-lambda5-phosphanylidene]amino]-lambda5-phosphanyl]-N-methylmethanamine,81.78695125
N-(4-methylphenyl)pyridin-3-amine,3-bromopyridine,"bis(1-adamantyl)-[3,6-dimethoxy-2-[2,4,6-tri(propan-2-yl)phenyl]phenyl]phosphane","5-methyl-3-pyrrol-1-yl-1,2-oxazole","1-methyl-2,3,4,6,7,8-hexahydropyrimido[1,2-a]pyrimidine",61.6695561
N-(4-methylphenyl)pyridin-3-amine,3-bromopyridine,"dicyclohexyl-[2-[2,4,6-tri(propan-2-yl)phenyl]phenyl]phosphane","methyl 1,2-oxazole-5-carboxylate","1-methyl-2,3,4,6,7,8-hexahydropyrimido[1,2-a]pyrimidine",9.894361569
N-(4-methylphenyl)pyridin-3-amine,3-chloropyridine,"ditert-butyl-[2-[2,4,6-tri(propan-2-yl)phenyl]phenyl]phosphane","methyl 5-thiophen-2-yl-1,2-oxazole-3-carboxylate","1-methyl-2,3,4,6,7,8-hexahydropyrimido[1,2-a]pyrimidine",7.182520972
N-(4-methylphenyl)pyridin-3-amine,3-chloropyridine,"bis(1-adamantyl)-[3,6-dimethoxy-2-[2,4,6-tri(propan-2-yl)phenyl]phenyl]phosphane","5-methyl-3-pyrrol-1-yl-1,2-oxazole","2-tert-butyl-1,1,3,3-tetramethylguanidine",15.2876268
N-(4-methylphenyl)pyridin-3-amine,3-chloropyridine,"bis(1-adamantyl)-[3,6-dimethoxy-2-[2,4,6-tri(propan-2-yl)phenyl]phenyl]phosphane","ethyl 1,2-oxazole-3-carboxylate","1-methyl-2,3,4,6,7,8-hexahydropyrimido[1,2-a]pyrimidine",11.53765302
N-(4-methylphenyl)pyridin-3-amine,3-iodopyridine,"dicyclohexyl-[2-[2,4,6-tri(propan-2-yl)phenyl]phenyl]phosphane","1,2-benzoxazole",N-[dimethylamino-ethylimino-[[tris(dimethylamino)-lambda5-phosphanylidene]amino]-lambda5-phosphanyl]-N-methylmethanamine,28.5480245
N-(4-methylphenyl)pyridin-3-amine,3-iodopyridine,"dicyclohexyl-[2-[2,4,6-tri(propan-2-yl)phenyl]phenyl]phosphane","methyl 1,2-oxazole-5-carboxylate","2-tert-butyl-1,1,3,3-tetramethylguanidine",7.473385241
N-(4-ethylphenyl)-4-methylaniline,1-bromo-4-ethylbenzene,"ditert-butyl-[3,6-dimethoxy-2-[2,4,6-tri(propan-2-yl)phenyl]phenyl]phosphane","ethyl 5-methyl-1,2-oxazole-4-carboxylate","1-methyl-2,3,4,6,7,8-hexahydropyrimido[1,2-a]pyrimidine",45.3883139
N-(4-ethylphenyl)-4-methylaniline,1-bromo-4-ethylbenzene,"ditert-butyl-[2-[2,4,6-tri(propan-2-yl)phenyl]phenyl]phosphane","methyl 1,2-oxazole-5-carboxylate",N-[dimethylamino-ethylimino-[[tris(dimethylamino)-lambda5-phosphanylidene]amino]-lambda5-phosphanyl]-N-methylmethanamine,16.48404533
N-(4-ethylphenyl)-4-methylaniline,1-chloro-4-ethylbenzene,"ditert-butyl-[2-[2,4,6-tri(propan-2-yl)phenyl]phenyl]phosphane","3-methyl-5-phenyl-1,2-oxazole","1-methyl-2,3,4,6,7,8-hexahydropyrimido[1,2-a]pyrimidine",3.864236463
N-(4-ethylphenyl)-4-methylaniline,1-chloro-4-ethylbenzene,"ditert-butyl-[3,6-dimethoxy-2-[2,4,6-tri(propan-2-yl)phenyl]phenyl]phosphane","methyl 5-thiophen-2-yl-1,2-oxazole-3-carboxylate","1-methyl-2,3,4,6,7,8-hexahydropyrimido[1,2-a]pyrimidine",4.225486824
N-(4-ethylphenyl)-4-methylaniline,1-chloro-4-ethylbenzene,"ditert-butyl-[3,6-dimethoxy-2-[2,4,6-tri(propan-2-yl)phenyl]phenyl]phosphane",c1ccc(CN(Cc2ccccc2)c2ccon2)cc1,"1-methyl-2,3,4,6,7,8-hexahydropyrimido[1,2-a]pyrimidine",12.64243358
N-(4-ethylphenyl)-4-methylaniline,1-ethyl-4-iodobenzene,"bis(1-adamantyl)-[3,6-dimethoxy-2-[2,4,6-tri(propan-2-yl)phenyl]phenyl]phosphane","ethyl 1,2-oxazole-4-carboxylate",N-[dimethylamino-ethylimino-[[tris(dimethylamino)-lambda5-phosphanylidene]amino]-lambda5-phosphanyl]-N-methylmethanamine,6.931862367
N-(4-ethylphenyl)-4-methylaniline,1-ethyl-4-iodobenzene,"dicyclohexyl-[2-[2,4,6-tri(propan-2-yl)phenyl]phenyl]phosphane","methyl 1,2-oxazole-5-carboxylate","2-tert-butyl-1,1,3,3-tetramethylguanidine",8.121165956
N-(4-methoxyphenyl)-4-methylaniline,1-bromo-4-methoxybenzene,"bis(1-adamantyl)-[3,6-dimethoxy-2-[2,4,6-tri(propan-2-yl)phenyl]phenyl]phosphane","methyl 5-thiophen-2-yl-1,2-oxazole-3-carboxylate",N-[dimethylamino-ethylimino-[[tris(dimethylamino)-lambda5-phosphanylidene]amino]-lambda5-phosphanyl]-N-methylmethanamine,27.61595801
N-(4-methoxyphenyl)-4-methylaniline,1-bromo-4-methoxybenzene,"dicyclohexyl-[2-[2,4,6-tri(propan-2-yl)phenyl]phenyl]phosphane","ethyl 5-methyl-1,2-oxazole-4-carboxylate","2-tert-butyl-1,1,3,3-tetramethylguanidine",0.602239969
N-(4-methoxyphenyl)-4-methylaniline,1-chloro-4-methoxybenzene,"ditert-butyl-[3,6-dimethoxy-2-[2,4,6-tri(propan-2-yl)phenyl]phenyl]phosphane","ethyl 5-methyl-1,2-oxazole-4-carboxylate",N-[dimethylamino-ethylimino-[[tris(dimethylamino)-lambda5-phosphanylidene]amino]-lambda5-phosphanyl]-N-methylmethanamine,1.03540736
N-(4-methoxyphenyl)-4-methylaniline,1-chloro-4-methoxybenzene,"dicyclohexyl-[2-[2,4,6-tri(propan-2-yl)phenyl]phenyl]phosphane","3,5-dimethyl-1,2-oxazole",N-[dimethylamino-ethylimino-[[tris(dimethylamino)-lambda5-phosphanylidene]amino]-lambda5-phosphanyl]-N-methylmethanamine,1.208332351
N-(4-methoxyphenyl)-4-methylaniline,1-chloro-4-methoxybenzene,"bis(1-adamantyl)-[3,6-dimethoxy-2-[2,4,6-tri(propan-2-yl)phenyl]phenyl]phosphane",c1ccc(CN(Cc2ccccc2)c2ccon2)cc1,N-[dimethylamino-ethylimino-[[tris(dimethylamino)-lambda5-phosphanylidene]amino]-lambda5-phosphanyl]-N-methylmethanamine,6.970567232
N-(4-methoxyphenyl)-4-methylaniline,1-iodo-4-methoxybenzene,"dicyclohexyl-[2-[2,4,6-tri(propan-2-yl)phenyl]phenyl]phosphane","5-(2,6-difluorophenyl)-1,2-oxazole","2-tert-butyl-1,1,3,3-tetramethylguanidine",4.296191189
N-(4-methoxyphenyl)-4-methylaniline,1-iodo-4-methoxybenzene,"dicyclohexyl-[2-[2,4,6-tri(propan-2-yl)phenyl]phenyl]phosphane",c1ccc(CN(Cc2ccccc2)c2ccno2)cc1,"2-tert-butyl-1,1,3,3-tetramethylguanidine",1.624624313
